code,changepercent,trade,open,high,low,settlement,volume,turnoverratio
000671,-0.398,22.51,22.59,24.0,21.88,22.6,25581523,2.44624
300452,-2.277,108.13,106.6,112.0,105.01,110.65,1685829,14.53301
002582,-10.008,34.8,34.99,38.1,34.8,38.67,14529902,15.7099
